{
    "rouge_scores": {
        "rouge1": 0.3814416499616997,
        "rouge2": 0.18239392538275095,
        "rougeL": 0.29580137514806654,
        "rougeLsum": 0.2988927491197754
    },
    "avg_bertscore": {
        "precision": 0.8892960347235203,
        "recall": 0.8646559206992388,
        "f1": 0.8765477740466595
    },
    "bleu_score": {
        "bleu": 0.10877346483351724,
        "precisions": [
            0.4649309695306492,
            0.19848442564884186,
            0.11946003237773051,
            0.08319766628115124
        ],
        "brevity_penalty": 0.6250442895445497,
        "length_ratio": 0.6803032230042498,
        "translation_length": 283498.0,
        "reference_length": 416723.0
    }
}